fips,County Name,State
1001,Autauga,NA
1003,Baldwin,NA
1005,Barbour,AL
1007,Bibb,AL
1009,Blount,AL
1011,Bullock,AL
1013,Butler,AL
1015,Calhoun,AL
1017,Chambers,AL
1019,Cherokee,AL
1021,Chilton,AL
1023,Choctaw,AL
1025,Clarke,AL
1027,Clay,AL
1029,Cleburne,AL
1031,Coffee,AL
1033,Colbert,AL
1035,Conecuh,AL
1037,Coosa,AL
1039,Covington,AL
1041,Crenshaw,AL
1043,Cullman,AL
1045,Dale,AL
1047,Dallas,AL
1049,DeKalb,AL
1051,Elmore,AL
1053,Escambia,AL
1055,Etowah,AL
1057,Fayette,AL
1059,Franklin,AL
1061,Geneva,AL
1063,Greene,AL
1065,Hale,AL
1067,Henry,AL
1069,Houston,AL
1071,Jackson,AL
1073,Jefferson,AL
1075,Lamar,AL
1077,Lauderdale,AL
1079,Lawrence,AL
1081,Lee,AL
1083,Limestone,AL
1085,Lowndes,AL
1087,Macon,AL
1089,Madison,AL
1091,Marengo,AL
1093,Marion,AL
1095,Marshall,AL
1097,Mobile,AL
1099,Monroe,AL
1101,Montgomery,AL
1103,Morgan,AL
1105,Perry,AL
1107,Pickens,AL
1109,Pike,AL
1111,Randolph,AL
1113,Russell,AL
1115,St.,AL
1117,Shelby,AL
1119,Sumter,AL
1121,Talladega,AL
1123,Tallapoosa,AL
1125,Tuscaloosa,AL
1127,Walker,AL
1129,Washington,AL
1131,Wilcox,AL
1133,Winston,AL
2013,Aleutians,AL
2016,Aleutians,AL
2020,Anchorage,NA
2050,Bethel,AK
2060,Bristol,AK
2068,Denali,AK
2070,Dillingham,AK
2090,Fairbanks,AK
2100,Haines,AK
2105,Hoonah-Angoon,AK
2110,Juneau,AK
2122,Kenai,AK
2130,Ketchikan,AK
2150,Kodiak,AK
2158,Kusilvak,AK
2164,Lake,AK
2170,Matanuska-Susitna,AK
2180,Nome,AK
2185,North,AK
2188,Northwest,AK
2195,Petersburg,AK
2198,Prince,AK
2220,Sitka,AK
2230,Skagway,AK
2240,Southeast,AK
2261,Valdez-Cordova,AK
2270,Wade,AK
2275,Wrangell,AK
2282,Yakutat,AK
2290,Yukon-Koyukuk,AK
4001,Apache,AK
4003,Cochise,AK
4005,Coconino,NA
4007,Gila,AZ
4009,Graham,AZ
4011,Greenlee,AZ
4012,La,AZ
4013,Maricopa,AZ
4015,Mohave,AZ
4017,Navajo,AZ
4019,Pima,AZ
4021,Pinal,AZ
4023,Santa,AZ
4025,Yavapai,AZ
4027,Yuma,AZ
5001,Arkansas,AZ
5003,Ashley,AZ
5005,Baxter,AZ
5007,Benton,NA
5009,Boone,AR
5011,Bradley,AR
5013,Calhoun,AR
5015,Carroll,AR
5017,Chicot,AR
5019,Clark,AR
5021,Clay,AR
5023,Cleburne,AR
5025,Cleveland,AR
5027,Columbia,AR
5029,Conway,AR
5031,Craighead,AR
5033,Crawford,AR
5035,Crittenden,AR
5037,Cross,AR
5039,Dallas,AR
5041,Desha,AR
5043,Drew,AR
5045,Faulkner,AR
5047,Franklin,AR
5049,Fulton,AR
5051,Garland,AR
5053,Grant,AR
5055,Greene,AR
5057,Hempstead,AR
5059,Hot,AR
5061,Howard,AR
5063,Independence,AR
5065,Izard,AR
5067,Jackson,AR
5069,Jefferson,AR
5071,Johnson,AR
5073,Lafayette,AR
5075,Lawrence,AR
5077,Lee,AR
5079,Lincoln,AR
5081,Little,AR
5083,Logan,AR
5085,Lonoke,AR
5087,Madison,AR
5089,Marion,AR
5091,Miller,AR
5093,Mississippi,AR
5095,Monroe,AR
5097,Montgomery,AR
5099,Nevada,AR
5101,Newton,AR
5103,Ouachita,AR
5105,Perry,AR
5107,Phillips,AR
5109,Pike,AR
5111,Poinsett,AR
5113,Polk,AR
5115,Pope,AR
5117,Prairie,AR
5119,Pulaski,AR
5121,Randolph,AR
5123,St.,AR
5125,Saline,AR
5127,Scott,AR
5129,Searcy,AR
5131,Sebastian,AR
5133,Sevier,AR
5135,Sharp,AR
5137,Stone,AR
5139,Union,AR
5141,Van,AR
5143,Washington,AR
5145,White,AR
5147,Woodruff,AR
5149,Yell,AR
6001,Alameda,AR
6003,Alpine,AR
6005,Amador,AR
6007,Butte,AR
6009,Calaveras,NA
6011,Colusa,CA
6013,Contra,CA
6015,Del,CA
6017,El,CA
6019,Fresno,CA
6021,Glenn,CA
6023,Humboldt,CA
6025,Imperial,CA
6027,Inyo,CA
6029,Kern,CA
6031,Kings,CA
6033,Lake,CA
6035,Lassen,CA
6037,Los,CA
6039,Madera,CA
6041,Marin,CA
6043,Mariposa,CA
6045,Mendocino,CA
6047,Merced,CA
6049,Modoc,CA
6051,Mono,CA
6053,Monterey,CA
6055,Napa,CA
6057,Nevada,CA
6059,Orange,CA
6061,Placer,CA
6063,Plumas,CA
6065,Riverside,CA
6067,Sacramento,CA
6069,San,CA
6071,San,CA
6073,San,CA
6075,San,CA
6077,San,CA
6079,San,CA
6081,San,CA
6083,Santa,CA
6085,Santa,CA
6087,Santa,CA
6089,Shasta,CA
6091,Sierra,CA
6093,Siskiyou,CA
6095,Solano,CA
6097,Sonoma,CA
6099,Stanislaus,CA
6101,Sutter,CA
6103,Tehama,CA
6105,Trinity,CA
6107,Tulare,CA
6109,Tuolumne,CA
6111,Ventura,CA
6113,Yolo,CA
6115,Yuba,CA
8001,Adams,CA
8003,Alamosa,CA
8005,Arapahoe,CA
8007,Archuleta,CA
8009,Baca,CA
8011,Bent,NA
8013,Boulder,CO
8014,Broomfield,CO
8015,Chaffee,CO
8017,Cheyenne,CO
8019,Clear,CO
8021,Conejos,CO
8023,Costilla,CO
8025,Crowley,CO
8027,Custer,CO
8029,Delta,CO
8031,Denver,CO
8033,Dolores,CO
8035,Douglas,CO
8037,Eagle,CO
8039,Elbert,CO
8041,El,CO
8043,Fremont,CO
8045,Garfield,CO
8047,Gilpin,CO
8049,Grand,CO
8051,Gunnison,CO
8053,Hinsdale,CO
8055,Huerfano,CO
8057,Jackson,CO
8059,Jefferson,CO
8061,Kiowa,CO
8063,Kit,CO
8065,Lake,CO
8067,La,CO
8069,Larimer,CO
8071,Las,CO
8073,Lincoln,CO
8075,Logan,CO
8077,Mesa,CO
8079,Mineral,CO
8081,Moffat,CO
8083,Montezuma,CO
8085,Montrose,CO
8087,Morgan,CO
8089,Otero,CO
8091,Ouray,CO
8093,Park,CO
8095,Phillips,CO
8097,Pitkin,CO
8099,Prowers,CO
8101,Pueblo,CO
8103,Rio,CO
8105,Rio,CO
8107,Routt,CO
8109,Saguache,CO
8111,San,CO
8113,San,CO
8115,Sedgwick,CO
8117,Summit,CO
8119,Teller,CO
8121,Washington,CO
8123,Weld,CO
8125,Yuma,CO
9001,Fairfield,CO
9003,Hartford,CO
9005,Litchfield,CO
9007,Middlesex,CO
9009,New,CO
9011,New,CO
9013,Tolland,NA
9015,Windham,CT
10001,Kent,CT
10003,New,CT
10005,Sussex,CT
11001,District,CT
11001,District,CT
12001,Alachua,CT
12003,Baker,CT
12005,Bay,NA
12007,Bradford,DE
12009,Brevard,DE
12011,Broward,DE
12013,Calhoun,NA
12015,Charlotte,DC
12017,Citrus,NA
12019,Clay,FL
12021,Collier,FL
12023,Columbia,FL
12027,DeSoto,FL
12029,Dixie,FL
12031,Duval,FL
12033,Escambia,FL
12035,Flagler,FL
12037,Franklin,FL
12039,Gadsden,FL
12041,Gilchrist,FL
12043,Glades,FL
12045,Gulf,FL
12047,Hamilton,FL
12049,Hardee,FL
12051,Hendry,FL
12053,Hernando,FL
12055,Highlands,FL
12057,Hillsborough,FL
12059,Holmes,FL
12061,Indian,FL
12063,Jackson,FL
12065,Jefferson,FL
12067,Lafayette,FL
12069,Lake,FL
12071,Lee,FL
12073,Leon,FL
12075,Levy,FL
12077,Liberty,FL
12079,Madison,FL
12081,Manatee,FL
12083,Marion,FL
12085,Martin,FL
12086,Miami-Dade,FL
12087,Monroe,FL
12089,Nassau,FL
12091,Okaloosa,FL
12093,Okeechobee,FL
12095,Orange,FL
12097,Osceola,FL
12099,Palm,FL
12101,Pasco,FL
12103,Pinellas,FL
12105,Polk,FL
12107,Putnam,FL
12109,St.,FL
12111,St.,FL
12113,Santa,FL
12115,Sarasota,FL
12117,Seminole,FL
12119,Sumter,FL
12121,Suwannee,FL
12123,Taylor,FL
12125,Union,FL
12127,Volusia,FL
12129,Wakulla,FL
12131,Walton,FL
12133,Washington,FL
13001,Appling,FL
13003,Atkinson,FL
13005,Bacon,FL
13007,Baker,FL
13009,Baldwin,FL
13011,Banks,FL
13013,Barrow,FL
13015,Bartow,FL
13017,Ben,FL
13019,Berrien,NA
13021,Bibb,GA
13023,Bleckley,GA
13025,Brantley,GA
13027,Brooks,GA
13029,Bryan,GA
13031,Bulloch,GA
13033,Burke,GA
13035,Butts,GA
13037,Calhoun,GA
13039,Camden,GA
13043,Candler,GA
13045,Carroll,GA
13047,Catoosa,GA
13049,Charlton,GA
13051,Chatham,GA
13053,Chattahoochee,GA
13055,Chattooga,GA
13057,Cherokee,GA
13059,Clarke,GA
13061,Clay,GA
13063,Clayton,GA
13065,Clinch,GA
13067,Cobb,GA
13069,Coffee,GA
13071,Colquitt,GA
13073,Columbia,GA
13075,Cook,GA
13077,Coweta,GA
13079,Crawford,GA
13081,Crisp,GA
13083,Dade,GA
13085,Dawson,GA
13087,Decatur,GA
13089,DeKalb,GA
13091,Dodge,GA
13093,Dooly,GA
13095,Dougherty,GA
13097,Douglas,GA
13099,Early,GA
13101,Echols,GA
13103,Effingham,GA
13105,Elbert,GA
13107,Emanuel,GA
13109,Evans,GA
13111,Fannin,GA
13113,Fayette,GA
13115,Floyd,GA
13117,Forsyth,GA
13119,Franklin,GA
13121,Fulton,GA
13123,Gilmer,GA
13125,Glascock,GA
13127,Glynn,GA
13129,Gordon,GA
13131,Grady,GA
13133,Greene,GA
13135,Gwinnett,GA
13137,Habersham,GA
13139,Hall,GA
13141,Hancock,GA
13143,Haralson,GA
13145,Harris,GA
13147,Hart,GA
13149,Heard,GA
13151,Henry,GA
13153,Houston,GA
13155,Irwin,GA
13157,Jackson,GA
13159,Jasper,GA
13161,Jeff,GA
13163,Jefferson,GA
13165,Jenkins,GA
13167,Johnson,GA
13169,Jones,GA
13171,Lamar,GA
13173,Lanier,GA
13175,Laurens,GA
13177,Lee,GA
13179,Liberty,GA
13181,Lincoln,GA
13183,Long,GA
13185,Lowndes,GA
13187,Lumpkin,GA
13189,McDuffie,GA
13191,McIntosh,GA
13193,Macon,GA
13195,Madison,GA
13197,Marion,GA
13199,Meriwether,GA
13201,Miller,GA
13205,Mitchell,GA
13207,Monroe,GA
13209,Montgomery,GA
13211,Morgan,GA
13213,Murray,GA
13215,Muscogee,GA
13217,Newton,GA
13219,Oconee,GA
13221,Oglethorpe,GA
13223,Paulding,GA
13225,Peach,GA
13227,Pickens,GA
13229,Pierce,GA
13231,Pike,GA
13233,Polk,GA
13235,Pulaski,GA
13237,Putnam,GA
13239,Quitman,GA
13241,Rabun,GA
13243,Randolph,GA
13245,Richmond,GA
13247,Rockdale,GA
13249,Schley,GA
13251,Screven,GA
13253,Seminole,GA
13255,Spalding,GA
13257,Stephens,GA
13259,Stewart,GA
13261,Sumter,GA
13263,Talbot,GA
13265,Taliaferro,GA
13267,Tattnall,GA
13269,Taylor,GA
13271,Telfair,GA
13273,Terrell,GA
13275,Thomas,GA
13277,Tift,GA
13279,Toombs,GA
13281,Towns,GA
13283,Treutlen,GA
13285,Troup,GA
13287,Turner,GA
13289,Twiggs,GA
13291,Union,GA
13293,Upson,GA
13295,Walker,GA
13297,Walton,GA
13299,Ware,GA
13301,Warren,GA
13303,Washington,GA
13305,Wayne,GA
13307,Webster,GA
13309,Wheeler,GA
13311,White,GA
13313,Whitfield,GA
13315,Wilcox,GA
13317,Wilkes,GA
13319,Wilkinson,GA
13321,Worth,GA
15001,Hawaii,GA
15003,Honolulu,GA
15005,Kalawao,GA
15007,Kauai,GA
15009,Maui,GA
16001,Ada,GA
16003,Adams,GA
16005,Bannock,GA
16007,Bear,GA
16009,Benewah,GA
16011,Bingham,NA
16013,Blaine,HI
16015,Boise,HI
16017,Bonner,HI
16019,Bonneville,HI
16021,Boundary,HI
16023,Butte,NA
16025,Camas,ID
16027,Canyon,ID
16029,Caribou,ID
16031,Cassia,ID
16033,Clark,ID
16035,Clearwater,ID
16037,Custer,ID
16039,Elmore,ID
16041,Franklin,ID
16043,Fremont,ID
16045,Gem,ID
16047,Gooding,ID
16049,Idaho,ID
16051,Jefferson,ID
16053,Jerome,ID
16055,Kootenai,ID
16057,Latah,ID
16059,Lemhi,ID
16061,Lewis,ID
16063,Lincoln,ID
16065,Madison,ID
16067,Minidoka,ID
16069,Nez,ID
16071,Oneida,ID
16073,Owyhee,ID
16075,Payette,ID
16077,Power,ID
16079,Shoshone,ID
16081,Teton,ID
16083,Twin,ID
16085,Valley,ID
16087,Washington,ID
17001,Adams,ID
17003,Alexander,ID
17005,Bond,ID
17007,Boone,ID
17009,Brown,ID
17011,Bureau,ID
17013,Calhoun,ID
17015,Carroll,ID
17017,Cass,ID
17019,Champaign,ID
17021,Christian,ID
17023,Clark,ID
17025,Clay,NA
17027,Clinton,IL
17029,Coles,IL
17031,Cook,IL
17033,Crawford,IL
17035,Cumberland,IL
17037,DeKalb,IL
17039,De,IL
17041,Douglas,IL
17043,DuPage,IL
17045,Edgar,IL
17047,Edwards,IL
17049,Effingham,IL
17051,Fayette,IL
17053,Ford,IL
17055,Franklin,IL
17057,Fulton,IL
17059,Gallatin,IL
17061,Greene,IL
17063,Grundy,IL
17065,Hamilton,IL
17067,Hancock,IL
17069,Hardin,IL
17071,Henderson,IL
17073,Henry,IL
17075,Iroquois,IL
17077,Jackson,IL
17079,Jasper,IL
17081,Jefferson,IL
17083,Jersey,IL
17085,Jo,IL
17087,Johnson,IL
17089,Kane,IL
17091,Kankakee,IL
17093,Kendall,IL
17095,Knox,IL
17097,Lake,IL
17099,LaSalle,IL
17101,Lawrence,IL
17103,Lee,IL
17105,Livingston,IL
17107,Logan,IL
17109,McDonough,IL
17111,McHenry,IL
17113,McLean,IL
17115,Macon,IL
17117,Macoupin,IL
17119,Madison,IL
17121,Marion,IL
17123,Marshall,IL
17125,Mason,IL
17127,Massac,IL
17129,Menard,IL
17131,Mercer,IL
17133,Monroe,IL
17135,Montgomery,IL
17137,Morgan,IL
17139,Moultrie,IL
17141,Ogle,IL
17143,Peoria,IL
17145,Perry,IL
17147,Piatt,IL
17149,Pike,IL
17151,Pope,IL
17153,Pulaski,IL
17155,Putnam,IL
17157,Randolph,IL
17159,Richland,IL
17161,Rock,IL
17163,St.,IL
17165,Saline,IL
17167,Sangamon,IL
17169,Schuyler,IL
17171,Scott,IL
17173,Shelby,IL
17175,Stark,IL
17177,Stephenson,IL
17179,Tazewell,IL
17181,Union,IL
17183,Vermilion,IL
17185,Wabash,IL
17187,Warren,IL
17189,Washington,IL
17191,Wayne,IL
17193,White,IL
17195,Whiteside,IL
17197,Will,IL
17199,Williamson,IL
17201,Winnebago,IL
17203,Woodford,IL
18001,Adams,IL
18003,Allen,IL
18005,Bartholomew,IL
18007,Benton,IL
18009,Blackford,IL
18011,Boone,IL
18013,Brown,IL
18015,Carroll,IL
18017,Cass,IL
18019,Clark,IL
18021,Clay,IL
18023,Clinton,IL
18025,Crawford,IL
18027,Daviess,NA
18029,Dearborn,IN
18031,Decatur,IN
18033,DeKalb,IN
18035,Delaware,IN
18037,Dubois,IN
18039,Elkhart,IN
18041,Fayette,IN
18043,Floyd,IN
18045,Fountain,IN
18047,Franklin,IN
18049,Fulton,IN
18051,Gibson,IN
18053,Grant,IN
18055,Greene,IN
18057,Hamilton,IN
18059,Hancock,IN
18061,Harrison,IN
18063,Hendricks,IN
18065,Henry,IN
18067,Howard,IN
18069,Huntington,IN
18071,Jackson,IN
18073,Jasper,IN
18075,Jay,IN
18077,Jefferson,IN
18079,Jennings,IN
18081,Johnson,IN
18083,Knox,IN
18085,Kosciusko,IN
18087,LaGrange,IN
18089,Lake,IN
18091,LaPorte,IN
18093,Lawrence,IN
18095,Madison,IN
18097,Marion,IN
18099,Marshall,IN
18101,Martin,IN
18103,Miami,IN
18105,Monroe,IN
18107,Montgomery,IN
18109,Morgan,IN
18111,Newton,IN
18113,Noble,IN
18115,Ohio,IN
18117,Orange,IN
18119,Owen,IN
18121,Parke,IN
18123,Perry,IN
18125,Pike,IN
18127,Porter,IN
18129,Posey,IN
18131,Pulaski,IN
18133,Putnam,IN
18135,Randolph,IN
18137,Ripley,IN
18139,Rush,IN
18141,St.,IN
18143,Scott,IN
18145,Shelby,IN
18147,Spencer,IN
18149,Starke,IN
18151,Steuben,IN
18153,Sullivan,IN
18155,Switzerland,IN
18157,Tippecanoe,IN
18159,Tipton,IN
18161,Union,IN
18163,Vanderburgh,IN
18165,Vermillion,IN
18167,Vigo,IN
18169,Wabash,IN
18171,Warren,IN
18173,Warrick,IN
18175,Washington,IN
18177,Wayne,IN
18179,Wells,IN
18181,White,IN
18183,Whitley,IN
19001,Adair,IN
19003,Adams,IN
19005,Allamakee,IN
19007,Appanoose,IN
19009,Audubon,IN
19011,Benton,IN
19013,Black,IN
19015,Boone,IN
19017,Bremer,IN
19019,Buchanan,IN
19021,Buena,IN
19023,Butler,IN
19025,Calhoun,IN
19027,Carroll,IN
19029,Cass,NA
19031,Cedar,IA
19033,Cerro,IA
19035,Cherokee,IA
19037,Chickasaw,IA
19039,Clarke,IA
19041,Clay,IA
19043,Clayton,IA
19045,Clinton,IA
19047,Crawford,IA
19049,Dallas,IA
19051,Davis,IA
19053,Decatur,IA
19055,Delaware,IA
19057,Des,IA
19059,Dickinson,IA
19061,Dubuque,IA
19063,Emmet,IA
19065,Fayette,IA
19067,Floyd,IA
19069,Franklin,IA
19071,Fremont,IA
19073,Greene,IA
19075,Grundy,IA
19077,Guthrie,IA
19079,Hamilton,IA
19081,Hancock,IA
19083,Hardin,IA
19085,Harrison,IA
19087,Henry,IA
19089,Howard,IA
19091,Humboldt,IA
19093,Ida,IA
19095,Iowa,IA
19097,Jackson,IA
19099,Jasper,IA
19101,Jefferson,IA
19103,Johnson,IA
19105,Jones,IA
19107,Keokuk,IA
19109,Kossuth,IA
19111,Lee,IA
19113,Linn,IA
19115,Louisa,IA
19117,Lucas,IA
19119,Lyon,IA
19121,Madison,IA
19123,Mahaska,IA
19125,Marion,IA
19127,Marshall,IA
19129,Mills,IA
19131,Mitchell,IA
19133,Monona,IA
19135,Monroe,IA
19137,Montgomery,IA
19139,Muscatine,IA
19141,O'Brien,IA
19143,Osceola,IA
19145,Page,IA
19147,Palo,IA
19149,Plymouth,IA
19151,Pocahontas,IA
19153,Polk,IA
19155,Pottawattamie,IA
19157,Poweshiek,IA
19159,Ringgold,IA
19161,Sac,IA
19163,Scott,IA
19165,Shelby,IA
19167,Sioux,IA
19169,Story,IA
19171,Tama,IA
19173,Taylor,IA
19175,Union,IA
19177,Van,IA
19179,Wapello,IA
19181,Warren,IA
19183,Washington,IA
19185,Wayne,IA
19187,Webster,IA
19189,Winnebago,IA
19191,Winneshiek,IA
19193,Woodbury,IA
19195,Worth,IA
19197,Wright,IA
20001,Allen,IA
20003,Anderson,IA
20005,Atchison,IA
20007,Barber,IA
20009,Barton,IA
20011,Bourbon,IA
20013,Brown,IA
20015,Butler,IA
20017,Chase,IA
20019,Chautauqua,IA
20021,Cherokee,IA
20023,Cheyenne,IA
20025,Clark,IA
20027,Clay,IA
20029,Cloud,IA
20031,Coffey,NA
20033,Comanche,KS
20035,Cowley,KS
20037,Crawford,KS
20039,Decatur,KS
20041,Dickinson,KS
20043,Doniphan,KS
20045,Douglas,KS
20047,Edwards,KS
20049,Elk,KS
20051,Ellis,KS
20053,Ellsworth,KS
20055,Finney,KS
20057,Ford,KS
20059,Franklin,KS
20061,Geary,KS
20063,Gove,KS
20065,Graham,KS
20067,Grant,KS
20069,Gray,KS
20071,Greeley,KS
20073,Greenwood,KS
20075,Hamilton,KS
20077,Harper,KS
20079,Harvey,KS
20081,Haskell,KS
20083,Hodgeman,KS
20085,Jackson,KS
20087,Jefferson,KS
20089,Jewell,KS
20091,Johnson,KS
20093,Kearny,KS
20095,Kingman,KS
20097,Kiowa,KS
20099,Labette,KS
20101,Lane,KS
20103,Leavenworth,KS
20105,Lincoln,KS
20107,Linn,KS
20109,Logan,KS
20111,Lyon,KS
20113,McPherson,KS
20115,Marion,KS
20117,Marshall,KS
20119,Meade,KS
20121,Miami,KS
20123,Mitchell,KS
20125,Montgomery,KS
20127,Morris,KS
20129,Morton,KS
20131,Nemaha,KS
20133,Neosho,KS
20135,Ness,KS
20137,Norton,KS
20139,Osage,KS
20141,Osborne,KS
20143,Ottawa,KS
20145,Pawnee,KS
20147,Phillips,KS
20149,Pottawatomie,KS
20151,Pratt,KS
20153,Rawlins,KS
20155,Reno,KS
20157,Republic,KS
20159,Rice,KS
20161,Riley,KS
20163,Rooks,KS
20165,Rush,KS
20167,Russell,KS
20169,Saline,KS
20171,Scott,KS
20173,Sedgwick,KS
20175,Seward,KS
20177,Shawnee,KS
20179,Sheridan,KS
20181,Sherman,KS
20183,Smith,KS
20185,Stafford,KS
20187,Stanton,KS
20189,Stevens,KS
20191,Sumner,KS
20193,Thomas,KS
20195,Trego,KS
20197,Wabaunsee,KS
20199,Wallace,KS
20201,Washington,KS
20203,Wichita,KS
20205,Wilson,KS
20207,Woodson,KS
20209,Wyandotte,KS
21001,Adair,KS
21003,Allen,KS
21005,Anderson,KS
21007,Ballard,KS
21009,Barren,KS
21011,Bath,KS
21013,Bell,KS
21015,Boone,KS
21017,Bourbon,KS
21019,Boyd,KS
21021,Boyle,KS
21023,Bracken,KS
21025,Breathitt,KS
21027,Breckinridge,KS
21029,Bullitt,KS
21031,Butler,KS
21033,Caldwell,NA
21035,Calloway,KY
21037,Campbell,KY
21039,Carlisle,KY
21041,Carroll,KY
21043,Carter,KY
21045,Casey,KY
21047,Christian,KY
21049,Clark,KY
21051,Clay,KY
21053,Clinton,KY
21055,Crittenden,KY
21057,Cumberland,KY
21059,Daviess,KY
21061,Edmonson,KY
21063,Elliott,KY
21065,Estill,KY
21067,Fayette,KY
21069,Fleming,KY
21071,Floyd,KY
21073,Franklin,KY
21075,Fulton,KY
21077,Gallatin,KY
21079,Garrard,KY
21081,Grant,KY
21083,Graves,KY
21085,Grayson,KY
21087,Green,KY
21089,Greenup,KY
21091,Hancock,KY
21093,Hardin,KY
21095,Harlan,KY
21097,Harrison,KY
21099,Hart,KY
21101,Henderson,KY
21103,Henry,KY
21105,Hickman,KY
21107,Hopkins,KY
21109,Jackson,KY
21111,Jefferson,KY
21113,Jessamine,KY
21115,Johnson,KY
21117,Kenton,KY
21119,Knott,KY
21121,Knox,KY
21123,Larue,KY
21125,Laurel,KY
21127,Lawrence,KY
21129,Lee,KY
21131,Leslie,KY
21133,Letcher,KY
21135,Lewis,KY
21137,Lincoln,KY
21139,Livingston,KY
21141,Logan,KY
21143,Lyon,KY
21145,McCracken,KY
21147,McCreary,KY
21149,McLean,KY
21151,Madison,KY
21153,Magoffin,KY
21155,Marion,KY
21157,Marshall,KY
21159,Martin,KY
21161,Mason,KY
21163,Meade,KY
21165,Menifee,KY
21167,Mercer,KY
21169,Metcalfe,KY
21171,Monroe,KY
21173,Montgomery,KY
21175,Morgan,KY
21177,Muhlenberg,KY
21179,Nelson,KY
21181,Nicholas,KY
21183,Ohio,KY
21185,Oldham,KY
21187,Owen,KY
21189,Owsley,KY
21191,Pendleton,KY
21193,Perry,KY
21195,Pike,KY
21197,Powell,KY
21199,Pulaski,KY
21201,Robertson,KY
21203,Rockcastle,KY
21205,Rowan,KY
21207,Russell,KY
21209,Scott,KY
21211,Shelby,KY
21213,Simpson,KY
21215,Spencer,KY
21217,Taylor,KY
21219,Todd,KY
21221,Trigg,KY
21223,Trimble,KY
21225,Union,KY
21227,Warren,KY
21229,Washington,KY
21231,Wayne,KY
21233,Webster,KY
21235,Whitley,KY
21237,Wolfe,KY
21239,Woodford,KY
22001,Acadia,KY
22003,Allen,KY
22005,Ascension,KY
22007,Assumption,KY
22009,Avoyelles,KY
22011,Beauregard,KY
22013,Bienville,KY
22015,Bossier,KY
22017,Caddo,KY
22019,Calcasieu,KY
22021,Caldwell,KY
22023,Cameron,KY
22025,Catahoula,KY
22027,Claiborne,KY
22029,Concordia,KY
22031,De,KY
22033,East,KY
22035,East,NA
22037,East,LA
22039,Evangeline,LA
22041,Franklin,LA
22043,Grant,LA
22045,Iberia,LA
22047,Iberville,LA
22049,Jackson,LA
22051,Jefferson,LA
22053,Jefferson,LA
22055,Lafayette,LA
22057,Lafourche,LA
22059,La,LA
22061,Lincoln,LA
22063,Livingston,LA
22065,Madison,LA
22067,Morehouse,LA
22069,Natchitoches,LA
22071,Orleans,LA
22073,Ouachita,LA
22075,Plaquemines,LA
22077,Pointe,LA
22079,Rapides,LA
22081,Red,LA
22083,Richland,LA
22085,Sabine,LA
22087,St.,LA
22089,St.,LA
22091,St.,LA
22093,St.,LA
22095,St.,LA
22097,St.,LA
22099,St.,LA
22101,St.,LA
22103,St.,LA
22105,Tangipahoa,LA
22107,Tensas,LA
22109,Terrebonne,LA
22111,Union,LA
22113,Vermilion,LA
22115,Vernon,LA
22117,Washington,LA
22119,Webster,LA
22121,West,LA
22123,West,LA
22125,West,LA
22127,Winn,LA
23001,Androscoggin,LA
23003,Aroostook,LA
23005,Cumberland,LA
23007,Franklin,LA
23009,Hancock,LA
23011,Kennebec,LA
23013,Knox,LA
23015,Lincoln,LA
23017,Oxford,LA
23019,Penobscot,LA
23021,Piscataquis,LA
23023,Sagadahoc,LA
23025,Somerset,LA
23027,Waldo,LA
23029,Washington,LA
23031,York,LA
24001,Allegany,LA
24003,Anne,LA
24005,Baltimore,NA
24009,Calvert,ME
24011,Caroline,ME
24013,Carroll,ME
24015,Cecil,ME
24017,Charles,ME
24019,Dorchester,ME
24021,Frederick,ME
24023,Garrett,ME
24025,Harford,ME
24027,Howard,ME
24029,Kent,ME
24031,Montgomery,ME
24033,Prince,ME
24035,Queen,ME
24037,St.,ME
24039,Somerset,ME
24041,Talbot,NA
24043,Washington,MD
24045,Wicomico,MD
24047,Worcester,MD
24510,Baltimore,MD
25001,Barnstable,MD
25003,Berkshire,MD
25005,Bristol,MD
25007,Dukes,MD
25009,Essex,MD
25011,Franklin,MD
25013,Hampden,MD
25015,Hampshire,MD
25017,Middlesex,MD
25019,Nantucket,MD
25021,Norfolk,MD
25023,Plymouth,MD
25025,Suffolk,MD
25027,Worcester,MD
26001,Alcona,MD
26003,Alger,MD
26005,Allegan,MD
26007,Alpena,MD
26009,Antrim,MD
26011,Arenac,MD
26013,Baraga,NA
26015,Barry,MA
26017,Bay,MA
26019,Benzie,MA
26021,Berrien,MA
26023,Branch,MA
26025,Calhoun,MA
26027,Cass,MA
26029,Charlevoix,MA
26031,Cheboygan,MA
26033,Chippewa,MA
26035,Clare,MA
26037,Clinton,MA
26039,Crawford,MA
26041,Delta,MA
26043,Dickinson,NA
26045,Eaton,MI
26047,Emmet,MI
26049,Genesee,MI
26051,Gladwin,MI
26053,Gogebic,MI
26055,Grand,MI
26057,Gratiot,MI
26059,Hillsdale,MI
26061,Houghton,MI
26063,Huron,MI
26065,Ingham,MI
26067,Ionia,MI
26069,Iosco,MI
26071,Iron,MI
26073,Isabella,MI
26075,Jackson,MI
26077,Kalamazoo,MI
26079,Kalkaska,MI
26081,Kent,MI
26083,Keweenaw,MI
26085,Lake,MI
26087,Lapeer,MI
26089,Leelanau,MI
26091,Lenawee,MI
26093,Livingston,MI
26095,Luce,MI
26097,Mackinac,MI
26099,Macomb,MI
26101,Manistee,MI
26103,Marquette,MI
26105,Mason,MI
26107,Mecosta,MI
26109,Menominee,MI
26111,Midland,MI
26113,Missaukee,MI
26115,Monroe,MI
26117,Montcalm,MI
26119,Montmorency,MI
26121,Muskegon,MI
26123,Newaygo,MI
26125,Oakland,MI
26127,Oceana,MI
26129,Ogemaw,MI
26131,Ontonagon,MI
26133,Osceola,MI
26135,Oscoda,MI
26137,Otsego,MI
26139,Ottawa,MI
26141,Presque,MI
26143,Roscommon,MI
26145,Saginaw,MI
26147,St.,MI
26149,St.,MI
26151,Sanilac,MI
26153,Schoolcraft,MI
26155,Shiawassee,MI
26157,Tuscola,MI
26159,Van,MI
26161,Washtenaw,MI
26163,Wayne,MI
26165,Wexford,MI
27001,Aitkin,MI
27003,Anoka,MI
27005,Becker,MI
27007,Beltrami,MI
27009,Benton,MI
27011,Big,MI
27013,Blue,MI
27015,Brown,MI
27017,Carlton,MI
27019,Carver,MI
27021,Cass,MI
27023,Chippewa,MI
27025,Chisago,MI
27027,Clay,MI
27029,Clearwater,MI
27031,Cook,MI
27033,Cottonwood,MI
27035,Crow,MI
27037,Dakota,MI
27039,Dodge,MI
27041,Douglas,MI
27043,Faribault,MI
27045,Fillmore,NA
27047,Freeborn,MN
27049,Goodhue,MN
27051,Grant,MN
27053,Hennepin,MN
27055,Houston,MN
27057,Hubbard,MN
27059,Isanti,MN
27061,Itasca,MN
27063,Jackson,MN
27065,Kanabec,MN
27067,Kandiyohi,MN
27069,Kittson,MN
27071,Koochiching,MN
27073,Lac,MN
27075,Lake,MN
27077,Lake,MN
27079,Le,MN
27081,Lincoln,MN
27083,Lyon,MN
27085,McLeod,MN
27087,Mahnomen,MN
27089,Marshall,MN
27091,Martin,MN
27093,Meeker,MN
27095,Mille,MN
27097,Morrison,MN
27099,Mower,MN
27101,Murray,MN
27103,Nicollet,MN
27105,Nobles,MN
27107,Norman,MN
27109,Olmsted,MN
27111,Otter,MN
27113,Pennington,MN
27115,Pine,MN
27117,Pipestone,MN
27119,Polk,MN
27121,Pope,MN
27123,Ramsey,MN
27125,Red,MN
27127,Redwood,MN
27129,Renville,MN
27131,Rice,MN
27133,Rock,MN
27135,Roseau,MN
27137,St.,MN
27139,Scott,MN
27141,Sherburne,MN
27143,Sibley,MN
27145,Stearns,MN
27147,Steele,MN
27149,Stevens,MN
27151,Swift,MN
27153,Todd,MN
27155,Traverse,MN
27157,Wabasha,MN
27159,Wadena,MN
27161,Waseca,MN
27163,Washington,MN
27165,Watonwan,MN
27167,Wilkin,MN
27169,Winona,MN
27171,Wright,MN
27173,Yellow,MN
28001,Adams,MN
28003,Alcorn,MN
28005,Amite,MN
28007,Attala,MN
28009,Benton,MN
28011,Bolivar,MN
28013,Calhoun,MN
28015,Carroll,MN
28017,Chickasaw,MN
28019,Choctaw,MN
28021,Claiborne,MN
28023,Clarke,MN
28025,Clay,MN
28027,Coahoma,MN
28029,Copiah,MN
28031,Covington,MN
28033,DeSoto,MN
28035,Forrest,MN
28037,Franklin,MN
28039,George,MN
28041,Greene,MN
28043,Grenada,MN
28045,Hancock,MN
28047,Harrison,NA
28049,Hinds,MS
28051,Holmes,MS
28053,Humphreys,MS
28055,Issaquena,MS
28057,Itawamba,MS
28059,Jackson,MS
28061,Jasper,MS
28063,Jefferson,MS
28065,Jefferson,MS
28067,Jones,MS
28069,Kemper,MS
28071,Lafayette,MS
28073,Lamar,MS
28075,Lauderdale,MS
28077,Lawrence,MS
28079,Leake,MS
28081,Lee,MS
28083,Leflore,MS
28085,Lincoln,MS
28087,Lowndes,MS
28089,Madison,MS
28091,Marion,MS
28093,Marshall,MS
28095,Monroe,MS
28097,Montgomery,MS
28099,Neshoba,MS
28101,Newton,MS
28103,Noxubee,MS
28105,Oktibbeha,MS
28107,Panola,MS
28109,Pearl,MS
28111,Perry,MS
28113,Pike,MS
28115,Pontotoc,MS
28117,Prentiss,MS
28119,Quitman,MS
28121,Rankin,MS
28123,Scott,MS
28125,Sharkey,MS
28127,Simpson,MS
28129,Smith,MS
28131,Stone,MS
28133,Sunflower,MS
28135,Tallahatchie,MS
28137,Tate,MS
28139,Tippah,MS
28141,Tishomingo,MS
28143,Tunica,MS
28145,Union,MS
28147,Walthall,MS
28149,Warren,MS
28151,Washington,MS
28153,Wayne,MS
28155,Webster,MS
28157,Wilkinson,MS
28159,Winston,MS
28161,Yalobusha,MS
28163,Yazoo,MS
29001,Adair,MS
29003,Andrew,MS
29005,Atchison,MS
29007,Audrain,MS
29009,Barry,MS
29011,Barton,MS
29013,Bates,MS
29015,Benton,MS
29017,Bollinger,MS
29019,Boone,MS
29021,Buchanan,MS
29023,Butler,MS
29025,Caldwell,MS
29027,Callaway,MS
29029,Camden,MS
29031,Cape,MS
29033,Carroll,MS
29035,Carter,MS
29037,Cass,MS
29039,Cedar,MS
29041,Chariton,MS
29043,Christian,MS
29045,Clark,MS
29047,Clay,MS
29049,Clinton,NA
29051,Cole,MO
29053,Cooper,MO
29055,Crawford,MO
29057,Dade,MO
29059,Dallas,MO
29061,Daviess,MO
29063,DeKalb,MO
29065,Dent,MO
29067,Douglas,MO
29069,Dunklin,MO
29071,Franklin,MO
29073,Gasconade,MO
29075,Gentry,MO
29077,Greene,MO
29079,Grundy,MO
29081,Harrison,MO
29083,Henry,MO
29085,Hickory,MO
29087,Holt,MO
29089,Howard,MO
29091,Howell,MO
29093,Iron,MO
29095,Jackson,MO
29097,Jasper,MO
29099,Jefferson,MO
29101,Johnson,MO
29103,Knox,MO
29105,Laclede,MO
29107,Lafayette,MO
29109,Lawrence,MO
29111,Lewis,MO
29113,Lincoln,MO
29115,Linn,MO
29117,Livingston,MO
29119,McDonald,MO
29121,Macon,MO
29123,Madison,MO
29125,Maries,MO
29127,Marion,MO
29129,Mercer,MO
29131,Miller,MO
29133,Mississippi,MO
29135,Moniteau,MO
29137,Monroe,MO
29139,Montgomery,MO
29141,Morgan,MO
29143,New,MO
29145,Newton,MO
29147,Nodaway,MO
29149,Oregon,MO
29151,Osage,MO
29153,Ozark,MO
29155,Pemiscot,MO
29157,Perry,MO
29159,Pettis,MO
29161,Phelps,MO
29163,Pike,MO
29165,Platte,MO
29167,Polk,MO
29169,Pulaski,MO
29171,Putnam,MO
29173,Ralls,MO
29175,Randolph,MO
29177,Ray,MO
29179,Reynolds,MO
29181,Ripley,MO
29183,St.,MO
29185,St.,MO
29186,Ste.,MO
29187,St.,MO
29189,St.,MO
29195,Saline,MO
29197,Schuyler,MO
29199,Scotland,MO
29201,Scott,MO
29203,Shannon,MO
29205,Shelby,MO
29207,Stoddard,MO
29209,Stone,MO
29211,Sullivan,MO
29213,Taney,MO
29215,Texas,MO
29217,Vernon,MO
29219,Warren,MO
29221,Washington,MO
29223,Wayne,MO
29225,Webster,MO
29227,Worth,MO
29229,Wright,MO
29510,St.,MO
30001,Beaverhead,MO
30003,Big,MO
30005,Blaine,MO
30007,Broadwater,MO
30009,Carbon,MO
30011,Carter,MO
30013,Cascade,MO
30015,Chouteau,MO
30017,Custer,MO
30019,Daniels,MO
30021,Dawson,MO
30023,Deer,MO
30025,Fallon,MO
30027,Fergus,MO
30029,Flathead,MO
30031,Gallatin,MO
30033,Garfield,MO
30035,Glacier,MO
30037,Golden,MO
30039,Granite,MO
30041,Hill,MO
30043,Jefferson,MO
30045,Judith,MO
30047,Lake,MO
30049,Lewis,MO
30051,Liberty,NA
30053,Lincoln,MT
30055,McCone,MT
30057,Madison,MT
30059,Meagher,MT
30061,Mineral,MT
30063,Missoula,MT
30065,Musselshell,MT
30067,Park,MT
30069,Petroleum,MT
30071,Phillips,MT
30073,Pondera,MT
30075,Powder,MT
30077,Powell,MT
30079,Prairie,MT
30081,Ravalli,MT
30083,Richland,MT
30085,Roosevelt,MT
30087,Rosebud,MT
30089,Sanders,MT
30091,Sheridan,MT
30093,Silver,MT
30095,Stillwater,MT
30097,Sweet,MT
30099,Teton,MT
30101,Toole,MT
30103,Treasure,MT
30105,Valley,MT
30107,Wheatland,MT
30109,Wibaux,MT
30111,Yellowstone,MT
31001,Adams,MT
31003,Antelope,MT
31005,Arthur,MT
31007,Banner,MT
31009,Blaine,MT
31011,Boone,MT
31013,Box,MT
31015,Boyd,MT
31017,Brown,MT
31019,Buffalo,MT
31021,Burt,MT
31023,Butler,MT
31025,Cass,MT
31027,Cedar,MT
31029,Chase,MT
31031,Cherry,MT
31033,Cheyenne,MT
31035,Clay,MT
31037,Colfax,MT
31039,Cuming,MT
31041,Custer,MT
31043,Dakota,MT
31045,Dawes,MT
31047,Dawson,MT
31049,Deuel,MT
31051,Dixon,MT
31053,Dodge,NA
31055,Douglas,NE
31057,Dundy,NE
31059,Fillmore,NE
31061,Franklin,NE
31063,Frontier,NE
31065,Furnas,NE
31067,Gage,NE
31069,Garden,NE
31071,Garfield,NE
31073,Gosper,NE
31075,Grant,NE
31077,Greeley,NE
31079,Hall,NE
31081,Hamilton,NE
31083,Harlan,NE
31085,Hayes,NE
31087,Hitchcock,NE
31089,Holt,NE
31091,Hooker,NE
31093,Howard,NE
31095,Jefferson,NE
31097,Johnson,NE
31099,Kearney,NE
31101,Keith,NE
31103,Keya,NE
31105,Kimball,NE
31107,Knox,NE
31109,Lancaster,NE
31111,Lincoln,NE
31113,Logan,NE
31115,Loup,NE
31117,McPherson,NE
31119,Madison,NE
31121,Merrick,NE
31123,Morrill,NE
31125,Nance,NE
31127,Nemaha,NE
31129,Nuckolls,NE
31131,Otoe,NE
31133,Pawnee,NE
31135,Perkins,NE
31137,Phelps,NE
31139,Pierce,NE
31141,Platte,NE
31143,Polk,NE
31145,Red,NE
31147,Richardson,NE
31149,Rock,NE
31151,Saline,NE
31153,Sarpy,NE
31155,Saunders,NE
31157,Scotts,NE
31159,Seward,NE
31161,Sheridan,NE
31163,Sherman,NE
31165,Sioux,NE
31167,Stanton,NE
31169,Thayer,NE
31171,Thomas,NE
31173,Thurston,NE
31175,Valley,NE
31177,Washington,NE
31179,Wayne,NE
31181,Webster,NE
31183,Wheeler,NE
31185,York,NE
32001,Churchill,NE
32003,Clark,NE
32005,Douglas,NE
32007,Elko,NE
32009,Esmeralda,NE
32011,Eureka,NE
32013,Humboldt,NE
32015,Lander,NE
32017,Lincoln,NE
32019,Lyon,NE
32021,Mineral,NE
32023,Nye,NE
32027,Pershing,NE
32029,Storey,NE
32031,Washoe,NE
32033,White,NE
32510,Carson,NE
33001,Belknap,NE
33003,Carroll,NE
33005,Cheshire,NE
33007,Coos,NE
33009,Grafton,NE
33011,Hillsborough,NE
33013,Merrimack,NE
33015,Rockingham,NE
33017,Strafford,NE
33019,Sullivan,NE
34001,Atlantic,NA
34003,Bergen,NV
34005,Burlington,NV
34007,Camden,NV
34009,Cape,NV
34011,Cumberland,NV
34013,Essex,NV
34015,Gloucester,NV
34017,Hudson,NV
34019,Hunterdon,NV
34021,Mercer,NV
34023,Middlesex,NV
34025,Monmouth,NV
34027,Morris,NV
34029,Ocean,NV
34031,Passaic,NV
34033,Salem,NV
34035,Somerset,NV
34037,Sussex,NA
34039,Union,NH
34041,Warren,NH
35001,Bernalillo,NH
35003,Catron,NH
35005,Chaves,NH
35006,Cibola,NH
35007,Colfax,NH
35009,Curry,NH
35011,De,NH
35013,Do_a,NH
35015,Eddy,NA
35017,Grant,NJ
35019,Guadalupe,NJ
35021,Harding,NJ
35023,Hidalgo,NJ
35025,Lea,NJ
35027,Lincoln,NJ
35028,Los,NJ
35029,Luna,NJ
35031,McKinley,NJ
35033,Mora,NJ
35035,Otero,NJ
35037,Quay,NJ
35039,Rio,NJ
35041,Roosevelt,NJ
35043,Sandoval,NJ
35045,San,NJ
35047,San,NJ
35049,Santa,NJ
35051,Sierra,NJ
35053,Socorro,NJ
35055,Taos,NJ
35057,Torrance,NA
35059,Union,NM
35061,Valencia,NM
36001,Albany,NM
36003,Allegany,NM
36005,Bronx,NM
36007,Broome,NM
36009,Cattaraugus,NM
36011,Cayuga,NM
36013,Chautauqua,NM
36015,Chemung,NM
36017,Chenango,NM
36019,Clinton,NM
36021,Columbia,NM
36023,Cortland,NM
36025,Delaware,NM
36027,Dutchess,NM
36029,Erie,NM
36031,Essex,NM
36033,Franklin,NM
36035,Fulton,NM
36037,Genesee,NM
36039,Greene,NM
36041,Hamilton,NM
36043,Herkimer,NM
36045,Jefferson,NM
36047,Kings,NM
36049,Lewis,NM
36051,Livingston,NM
36053,Madison,NM
36055,Monroe,NM
36057,Montgomery,NM
36059,Nassau,NM
36061,New,NM
36063,Niagara,NA
36065,Oneida,NY
36067,Onondaga,NY
36069,Ontario,NY
36071,Orange,NY
36073,Orleans,NY
36075,Oswego,NY
36077,Otsego,NY
36079,Putnam,NY
36081,Queens,NY
36083,Rensselaer,NY
36085,Richmond,NY
36087,Rockland,NY
36089,St.,NY
36091,Saratoga,NY
36093,Schenectady,NY
36095,Schoharie,NY
36097,Schuyler,NY
36099,Seneca,NY
36101,Steuben,NY
36103,Suffolk,NY
36105,Sullivan,NY
36107,Tioga,NY
36109,Tompkins,NY
36111,Ulster,NY
36113,Warren,NY
36115,Washington,NY
36117,Wayne,NY
36119,Westchester,NY
36121,Wyoming,NY
36123,Yates,NY
37001,Alamance,NY
37003,Alexander,NY
37005,Alleghany,NY
37007,Anson,NY
37009,Ashe,NY
37011,Avery,NY
37013,Beaufort,NY
37015,Bertie,NY
37017,Bladen,NY
37019,Brunswick,NY
37021,Buncombe,NY
37023,Burke,NY
37025,Cabarrus,NY
37027,Caldwell,NY
37029,Camden,NY
37031,Carteret,NY
37033,Caswell,NY
37035,Catawba,NY
37037,Chatham,NY
37039,Cherokee,NY
37041,Chowan,NY
37043,Clay,NY
37045,Cleveland,NY
37047,Columbus,NY
37049,Craven,NY
37051,Cumberland,NY
37053,Currituck,NY
37055,Dare,NY
37057,Davidson,NY
37059,Davie,NY
37061,Duplin,NY
37063,Durham,NY
37065,Edgecombe,NA
37067,Forsyth,NC
37069,Franklin,NC
37071,Gaston,NC
37073,Gates,NC
37075,Graham,NC
37077,Granville,NC
37079,Greene,NC
37081,Guilford,NC
37083,Halifax,NC
37085,Harnett,NC
37087,Haywood,NC
37089,Henderson,NC
37091,Hertford,NC
37093,Hoke,NC
37095,Hyde,NC
37097,Iredell,NC
37099,Jackson,NC
37101,Johnston,NC
37103,Jones,NC
37105,Lee,NC
37107,Lenoir,NC
37109,Lincoln,NC
37111,McDowell,NC
37113,Macon,NC
37115,Madison,NC
37117,Martin,NC
37119,Mecklenburg,NC
37121,Mitchell,NC
37123,Montgomery,NC
37125,Moore,NC
37127,Nash,NC
37129,New,NC
37131,Northampton,NC
37133,Onslow,NC
37135,Orange,NC
37137,Pamlico,NC
37139,Pasquotank,NC
37141,Pender,NC
37143,Perquimans,NC
37145,Person,NC
37147,Pitt,NC
37149,Polk,NC
37151,Randolph,NC
37153,Richmond,NC
37155,Robeson,NC
37157,Rockingham,NC
37159,Rowan,NC
37161,Rutherford,NC
37163,Sampson,NC
37165,Scotland,NC
37167,Stanly,NC
37169,Stokes,NC
37171,Surry,NC
37173,Swain,NC
37175,Transylvania,NC
37177,Tyrrell,NC
37179,Union,NC
37181,Vance,NC
37183,Wake,NC
37185,Warren,NC
37187,Washington,NC
37189,Watauga,NC
37191,Wayne,NC
37193,Wilkes,NC
37195,Wilson,NC
37197,Yadkin,NC
37199,Yancey,NC
38001,Adams,NC
38003,Barnes,NC
38005,Benson,NC
38007,Billings,NC
38009,Bottineau,NC
38011,Bowman,NC
38013,Burke,NC
38015,Burleigh,NC
38017,Cass,NC
38019,Cavalier,NC
38021,Dickey,NC
38023,Divide,NC
38025,Dunn,NC
38027,Eddy,NC
38029,Emmons,NC
38031,Foster,NC
38033,Golden,NC
38035,Grand,NC
38037,Grant,NC
38039,Griggs,NC
38041,Hettinger,NC
38043,Kidder,NC
38045,LaMoure,NC
38047,Logan,NC
38049,McHenry,NC
38051,McIntosh,NC
38053,McKenzie,NC
38055,McLean,NC
38057,Mercer,NC
38059,Morton,NC
38061,Mountrail,NC
38063,Nelson,NC
38065,Oliver,NC
38067,Pembina,NA
38069,Pierce,ND
38071,Ramsey,ND
38073,Ransom,ND
38075,Renville,ND
38077,Richland,ND
38079,Rolette,ND
38081,Sargent,ND
38083,Sheridan,ND
38085,Sioux,ND
38087,Slope,ND
38089,Stark,ND
38091,Steele,ND
38093,Stutsman,ND
38095,Towner,ND
38097,Traill,ND
38099,Walsh,ND
38101,Ward,ND
38103,Wells,ND
38105,Williams,ND
39001,Adams,ND
39003,Allen,ND
39005,Ashland,ND
39007,Ashtabula,ND
39009,Athens,ND
39011,Auglaize,ND
39013,Belmont,ND
39015,Brown,ND
39017,Butler,ND
39019,Carroll,ND
39021,Champaign,ND
39023,Clark,ND
39025,Clermont,ND
39027,Clinton,ND
39029,Columbiana,ND
39031,Coshocton,ND
39033,Crawford,ND
39035,Cuyahoga,ND
39037,Darke,ND
39039,Defiance,ND
39041,Delaware,ND
39043,Erie,ND
39045,Fairfield,ND
39047,Fayette,ND
39049,Franklin,ND
39051,Fulton,ND
39053,Gallia,ND
39055,Geauga,ND
39057,Greene,ND
39059,Guernsey,ND
39061,Hamilton,ND
39063,Hancock,ND
39065,Hardin,ND
39067,Harrison,ND
39069,Henry,NA
39071,Highland,OH
39073,Hocking,OH
39075,Holmes,OH
39077,Huron,OH
39079,Jackson,OH
39081,Jefferson,OH
39083,Knox,OH
39085,Lake,OH
39087,Lawrence,OH
39089,Licking,OH
39091,Logan,OH
39093,Lorain,OH
39095,Lucas,OH
39097,Madison,OH
39099,Mahoning,OH
39101,Marion,OH
39103,Medina,OH
39105,Meigs,OH
39107,Mercer,OH
39109,Miami,OH
39111,Monroe,OH
39113,Montgomery,OH
39115,Morgan,OH
39117,Morrow,OH
39119,Muskingum,OH
39121,Noble,OH
39123,Ottawa,OH
39125,Paulding,OH
39127,Perry,OH
39129,Pickaway,OH
39131,Pike,OH
39133,Portage,OH
39135,Preble,OH
39137,Putnam,OH
39139,Richland,OH
39141,Ross,OH
39143,Sandusky,OH
39145,Scioto,OH
39147,Seneca,OH
39149,Shelby,OH
39151,Stark,OH
39153,Summit,OH
39155,Trumbull,OH
39157,Tuscarawas,OH
39159,Union,OH
39161,Van,OH
39163,Vinton,OH
39165,Warren,OH
39167,Washington,OH
39169,Wayne,OH
39171,Williams,OH
39173,Wood,OH
39175,Wyandot,OH
40001,Adair,OH
40003,Alfalfa,OH
40005,Atoka,OH
40007,Beaver,OH
40009,Beckham,OH
40011,Blaine,OH
40013,Bryan,OH
40015,Caddo,OH
40017,Canadian,OH
40019,Carter,OH
40021,Cherokee,OH
40023,Choctaw,OH
40025,Cimarron,OH
40027,Cleveland,OH
40029,Coal,OH
40031,Comanche,OH
40033,Cotton,OH
40035,Craig,OH
40037,Creek,OH
40039,Custer,OH
40041,Delaware,OH
40043,Dewey,OH
40045,Ellis,OH
40047,Garfield,OH
40049,Garvin,OH
40051,Grady,OH
40053,Grant,OH
40055,Greer,OH
40057,Harmon,OH
40059,Harper,OH
40061,Haskell,OH
40063,Hughes,OH
40065,Jackson,OH
40067,Jefferson,OH
40069,Johnston,OH
40071,Kay,NA
40073,Kingfisher,OK
40075,Kiowa,OK
40077,Latimer,OK
40079,Le,OK
40081,Lincoln,OK
40083,Logan,OK
40085,Love,OK
40087,McClain,OK
40089,McCurtain,OK
40091,McIntosh,OK
40093,Major,OK
40095,Marshall,OK
40097,Mayes,OK
40099,Murray,OK
40101,Muskogee,OK
40103,Noble,OK
40105,Nowata,OK
40107,Okfuskee,OK
40109,Oklahoma,OK
40111,Okmulgee,OK
40113,Osage,OK
40115,Ottawa,OK
40117,Pawnee,OK
40119,Payne,OK
40121,Pittsburg,OK
40123,Pontotoc,OK
40125,Pottawatomie,OK
40127,Pushmataha,OK
40129,Roger,OK
40131,Rogers,OK
40133,Seminole,OK
40135,Sequoyah,OK
40137,Stephens,OK
40139,Texas,OK
40141,Tillman,OK
40143,Tulsa,OK
40145,Wagoner,OK
40147,Washington,OK
40149,Washita,OK
40151,Woods,OK
40153,Woodward,OK
41001,Baker,OK
41003,Benton,OK
41005,Clackamas,OK
41007,Clatsop,OK
41009,Columbia,OK
41011,Coos,OK
41013,Crook,OK
41015,Curry,OK
41017,Deschutes,OK
41019,Douglas,OK
41021,Gilliam,OK
41023,Grant,OK
41025,Harney,OK
41027,Hood,OK
41029,Jackson,OK
41031,Jefferson,OK
41033,Josephine,OK
41035,Klamath,OK
41037,Lake,OK
41039,Lane,OK
41041,Lincoln,OK
41043,Linn,OK
41045,Malheur,OK
41047,Marion,OK
41049,Morrow,OK
41051,Multnomah,OK
41053,Polk,OK
41055,Sherman,OK
41057,Tillamook,OK
41059,Umatilla,OK
41061,Union,OK
41063,Wallowa,OK
41065,Wasco,OK
41067,Washington,OK
41069,Wheeler,OK
41071,Yamhill,OK
42001,Adams,NA
42003,Allegheny,OR
42005,Armstrong,OR
42007,Beaver,OR
42009,Bedford,OR
42011,Berks,OR
42013,Blair,OR
42015,Bradford,OR
42017,Bucks,OR
42019,Butler,OR
42021,Cambria,OR
42023,Cameron,OR
42025,Carbon,OR
42027,Centre,OR
42029,Chester,OR
42031,Clarion,OR
42033,Clearfield,OR
42035,Clinton,OR
42037,Columbia,OR
42039,Crawford,OR
42041,Cumberland,OR
42043,Dauphin,OR
42045,Delaware,OR
42047,Elk,OR
42049,Erie,OR
42051,Fayette,OR
42053,Forest,OR
42055,Franklin,OR
42057,Fulton,OR
42059,Greene,OR
42061,Huntingdon,OR
42063,Indiana,OR
42065,Jefferson,OR
42067,Juniata,OR
42069,Lackawanna,OR
42071,Lancaster,OR
42073,Lawrence,OR
42075,Lebanon,NA
42077,Lehigh,PA
42079,Luzerne,PA
42081,Lycoming,PA
42083,McKean,PA
42085,Mercer,PA
42087,Mifflin,PA
42089,Monroe,PA
42091,Montgomery,PA
42093,Montour,PA
42095,Northampton,PA
42097,Northumberland,PA
42099,Perry,PA
42101,Philadelphia,PA
42103,Pike,PA
42105,Potter,PA
42107,Schuylkill,PA
42109,Snyder,PA
42111,Somerset,PA
42113,Sullivan,PA
42115,Susquehanna,PA
42117,Tioga,PA
42119,Union,PA
42121,Venango,PA
42123,Warren,PA
42125,Washington,PA
42127,Wayne,PA
42129,Westmoreland,PA
42131,Wyoming,PA
42133,York,PA
44001,Bristol,PA
44003,Kent,PA
44005,Newport,PA
44007,Providence,PA
44009,Washington,PA
45001,Abbeville,PA
45003,Aiken,PA
45005,Allendale,PA
45007,Anderson,PA
45009,Bamberg,PA
45011,Barnwell,PA
45013,Beaufort,PA
45015,Berkeley,PA
45017,Calhoun,PA
45019,Charleston,PA
45021,Cherokee,PA
45023,Chester,PA
45025,Chesterfield,PA
45027,Clarendon,PA
45029,Colleton,PA
45031,Darlington,PA
45033,Dillon,PA
45035,Dorchester,PA
45037,Edgefield,PA
45039,Fairfield,PA
45041,Florence,PA
45043,Georgetown,PA
45045,Greenville,PA
45047,Greenwood,PA
45049,Hampton,PA
45051,Horry,PA
45053,Jasper,PA
45055,Kershaw,PA
45057,Lancaster,PA
45059,Laurens,PA
45061,Lee,PA
45063,Lexington,PA
45065,McCormick,PA
45067,Marion,NA
45069,Marlboro,RI
45071,Newberry,RI
45073,Oconee,RI
45075,Orangeburg,RI
45077,Pickens,RI
45079,Richland,NA
45081,Saluda,SC
45083,Spartanburg,SC
45085,Sumter,SC
45087,Union,SC
45089,Williamsburg,SC
45091,York,SC
46003,Aurora,SC
46005,Beadle,SC
46007,Bennett,SC
46009,Bon,SC
46011,Brookings,SC
46013,Brown,SC
46015,Brule,SC
46017,Buffalo,SC
46019,Butte,SC
46021,Campbell,SC
46023,Charles,SC
46025,Clark,SC
46027,Clay,SC
46029,Codington,SC
46031,Corson,SC
46033,Custer,SC
46035,Davison,SC
46037,Day,SC
46039,Deuel,SC
46041,Dewey,SC
46043,Douglas,SC
46045,Edmunds,SC
46047,Fall,SC
46049,Faulk,SC
46051,Grant,SC
46053,Gregory,SC
46055,Haakon,SC
46057,Hamlin,SC
46059,Hand,SC
46061,Hanson,SC
46063,Harding,SC
46065,Hughes,SC
46067,Hutchinson,SC
46069,Hyde,SC
46071,Jackson,SC
46073,Jerauld,SC
46075,Jones,SC
46077,Kingsbury,SC
46079,Lake,SC
46081,Lawrence,SC
46083,Lincoln,NA
46085,Lyman,SD
46087,McCook,SD
46089,McPherson,SD
46091,Marshall,SD
46093,Meade,SD
46095,Mellette,SD
46097,Miner,SD
46099,Minnehaha,SD
46101,Moody,SD
46102,Oglala,SD
46103,Pennington,SD
46105,Perkins,SD
46107,Potter,SD
46109,Roberts,SD
46111,Sanborn,SD
46113,Shannon,SD
46115,Spink,SD
46117,Stanley,SD
46119,Sully,SD
46121,Todd,SD
46123,Tripp,SD
46125,Turner,SD
46127,Union,SD
46129,Walworth,SD
46135,Yankton,SD
46137,Ziebach,SD
47001,Anderson,SD
47003,Bedford,SD
47005,Benton,SD
47007,Bledsoe,SD
47009,Blount,SD
47011,Bradley,SD
47013,Campbell,SD
47015,Cannon,SD
47017,Carroll,SD
47019,Carter,SD
47021,Cheatham,SD
47023,Chester,SD
47025,Claiborne,SD
47027,Clay,SD
47029,Cocke,SD
47031,Coffee,SD
47033,Crockett,SD
47035,Cumberland,SD
47037,Davidson,SD
47039,Decatur,SD
47041,DeKalb,SD
47043,Dickson,SD
47045,Dyer,SD
47047,Fayette,SD
47049,Fentress,SD
47051,Franklin,SD
47053,Gibson,SD
47055,Giles,SD
47057,Grainger,SD
47059,Greene,SD
47061,Grundy,SD
47063,Hamblen,SD
47065,Hamilton,SD
47067,Hancock,SD
47069,Hardeman,SD
47071,Hardin,SD
47073,Hawkins,SD
47075,Haywood,SD
47077,Henderson,SD
47079,Henry,SD
47081,Hickman,NA
47083,Houston,TN
47085,Humphreys,TN
47087,Jackson,TN
47089,Jefferson,TN
47091,Johnson,TN
47093,Knox,TN
47095,Lake,TN
47097,Lauderdale,TN
47099,Lawrence,TN
47101,Lewis,TN
47103,Lincoln,TN
47105,Loudon,TN
47107,McMinn,TN
47109,McNairy,TN
47111,Macon,TN
47113,Madison,TN
47115,Marion,TN
47117,Marshall,TN
47119,Maury,TN
47121,Meigs,TN
47123,Monroe,TN
47125,Montgomery,TN
47127,Moore,TN
47129,Morgan,TN
47131,Obion,TN
47133,Overton,TN
47135,Perry,TN
47137,Pickett,TN
47139,Polk,TN
47141,Putnam,TN
47143,Rhea,TN
47145,Roane,TN
47147,Robertson,TN
47149,Rutherford,TN
47151,Scott,TN
47153,Sequatchie,TN
47155,Sevier,TN
47157,Shelby,TN
47159,Smith,TN
47161,Stewart,TN
47163,Sullivan,TN
47165,Sumner,TN
47167,Tipton,TN
47169,Trousdale,TN
47171,Unicoi,TN
47173,Union,TN
47175,Van,TN
47177,Warren,TN
47179,Washington,TN
47181,Wayne,TN
47183,Weakley,TN
47185,White,TN
47187,Williamson,TN
47189,Wilson,TN
48001,Anderson,TN
48003,Andrews,TN
48005,Angelina,TN
48007,Aransas,TN
48009,Archer,TN
48011,Armstrong,TN
48013,Atascosa,TN
48015,Austin,TN
48017,Bailey,TN
48019,Bandera,TN
48021,Bastrop,TN
48023,Baylor,TN
48025,Bee,TN
48027,Bell,TN
48029,Bexar,TN
48031,Blanco,TN
48033,Borden,TN
48035,Bosque,TN
48037,Bowie,TN
48039,Brazoria,TN
48041,Brazos,TN
48043,Brewster,TN
48045,Briscoe,TN
48047,Brooks,TN
48049,Brown,TN
48051,Burleson,TN
48053,Burnet,TN
48055,Caldwell,TN
48057,Calhoun,TN
48059,Callahan,TN
48061,Cameron,TN
48063,Camp,TN
48065,Carson,TN
48067,Cass,TN
48069,Castro,TN
48071,Chambers,TN
48073,Cherokee,TN
48075,Childress,TN
48077,Clay,TN
48079,Cochran,TN
48081,Coke,TN
48083,Coleman,NA
48085,Collin,TX
48087,Collingsworth,TX
48089,Colorado,TX
48091,Comal,TX
48093,Comanche,TX
48095,Concho,TX
48097,Cooke,TX
48099,Coryell,TX
48101,Cottle,TX
48103,Crane,TX
48105,Crockett,TX
48107,Crosby,TX
48109,Culberson,TX
48111,Dallam,TX
48113,Dallas,TX
48115,Dawson,TX
48117,Deaf,TX
48119,Delta,TX
48121,Denton,TX
48123,DeWitt,TX
48125,Dickens,TX
48127,Dimmit,TX
48129,Donley,TX
48131,Duval,TX
48133,Eastland,TX
48135,Ector,TX
48137,Edwards,TX
48139,Ellis,TX
48141,El,TX
48143,Erath,TX
48145,Falls,TX
48147,Fannin,TX
48149,Fayette,TX
48151,Fisher,TX
48153,Floyd,TX
48155,Foard,TX
48157,Fort,TX
48159,Franklin,TX
48161,Freestone,TX
48163,Frio,TX
48165,Gaines,TX
48167,Galveston,TX
48169,Garza,TX
48171,Gillespie,TX
48173,Glasscock,TX
48175,Goliad,TX
48177,Gonzales,TX
48179,Gray,TX
48181,Grayson,TX
48183,Gregg,TX
48185,Grimes,TX
48187,Guadalupe,TX
48189,Hale,TX
48191,Hall,TX
48193,Hamilton,TX
48195,Hansford,TX
48197,Hardeman,TX
48199,Hardin,TX
48201,Harris,TX
48203,Harrison,TX
48205,Hartley,TX
48207,Haskell,TX
48209,Hays,TX
48211,Hemphill,TX
48213,Henderson,TX
48215,Hidalgo,TX
48217,Hill,TX
48219,Hockley,TX
48221,Hood,TX
48223,Hopkins,TX
48225,Houston,TX
48227,Howard,TX
48229,Hudspeth,TX
48231,Hunt,TX
48233,Hutchinson,TX
48235,Irion,TX
48237,Jack,TX
48239,Jackson,TX
48241,Jasper,TX
48243,Jeff,TX
48245,Jefferson,TX
48247,Jim,TX
48249,Jim,TX
48251,Johnson,TX
48253,Jones,TX
48255,Karnes,TX
48257,Kaufman,TX
48259,Kendall,TX
48261,Kenedy,TX
48263,Kent,TX
48265,Kerr,TX
48267,Kimble,TX
48269,King,TX
48271,Kinney,TX
48273,Kleberg,TX
48275,Knox,TX
48277,Lamar,TX
48279,Lamb,TX
48281,Lampasas,TX
48283,La,TX
48285,Lavaca,TX
48287,Lee,TX
48289,Leon,TX
48291,Liberty,TX
48293,Limestone,TX
48295,Lipscomb,TX
48297,Live,TX
48299,Llano,TX
48301,Loving,TX
48303,Lubbock,TX
48305,Lynn,TX
48307,McCulloch,TX
48309,McLennan,TX
48311,McMullen,TX
48313,Madison,TX
48315,Marion,TX
48317,Martin,TX
48319,Mason,TX
48321,Matagorda,TX
48323,Maverick,TX
48325,Medina,TX
48327,Menard,TX
48329,Midland,TX
48331,Milam,TX
48333,Mills,TX
48335,Mitchell,TX
48337,Montague,TX
48339,Montgomery,TX
48341,Moore,TX
48343,Morris,TX
48345,Motley,TX
48347,Nacogdoches,TX
48349,Navarro,TX
48351,Newton,TX
48353,Nolan,TX
48355,Nueces,TX
48357,Ochiltree,TX
48359,Oldham,TX
48361,Orange,TX
48363,Palo,TX
48365,Panola,TX
48367,Parker,TX
48369,Parmer,TX
48371,Pecos,TX
48373,Polk,TX
48375,Potter,TX
48377,Presidio,TX
48379,Rains,TX
48381,Randall,TX
48383,Reagan,TX
48385,Real,TX
48387,Red,TX
48389,Reeves,TX
48391,Refugio,TX
48393,Roberts,TX
48395,Robertson,TX
48397,Rockwall,TX
48399,Runnels,TX
48401,Rusk,TX
48403,Sabine,TX
48405,San,TX
48407,San,TX
48409,San,TX
48411,San,TX
48413,Schleicher,TX
48415,Scurry,TX
48417,Shackelford,TX
48419,Shelby,TX
48421,Sherman,TX
48423,Smith,TX
48425,Somervell,TX
48427,Starr,TX
48429,Stephens,TX
48431,Sterling,TX
48433,Stonewall,TX
48435,Sutton,TX
48437,Swisher,TX
48439,Tarrant,TX
48441,Taylor,TX
48443,Terrell,TX
48445,Terry,TX
48447,Throckmorton,TX
48449,Titus,TX
48451,Tom,TX
48453,Travis,TX
48455,Trinity,TX
48457,Tyler,TX
48459,Upshur,TX
48461,Upton,TX
48463,Uvalde,TX
48465,Val,TX
48467,Van,TX
48469,Victoria,TX
48471,Walker,TX
48473,Waller,TX
48475,Ward,TX
48477,Washington,TX
48479,Webb,TX
48481,Wharton,TX
48483,Wheeler,TX
48485,Wichita,TX
48487,Wilbarger,TX
48489,Willacy,TX
48491,Williamson,TX
48493,Wilson,TX
48495,Winkler,TX
48497,Wise,TX
48499,Wood,TX
48501,Yoakum,TX
48503,Young,TX
48505,Zapata,TX
48507,Zavala,TX
49001,Beaver,TX
49003,Box,TX
49005,Cache,TX
49007,Carbon,TX
49009,Daggett,TX
49011,Davis,TX
49013,Duchesne,TX
49015,Emery,TX
49017,Garfield,TX
49019,Grand,TX
49021,Iron,TX
49023,Juab,TX
49025,Kane,TX
49027,Millard,TX
49029,Morgan,TX
49031,Piute,TX
49033,Rich,TX
49035,Salt,TX
49037,San,TX
49039,Sanpete,TX
49041,Sevier,TX
49043,Summit,TX
49045,Tooele,TX
49047,Uintah,TX
49049,Utah,TX
49051,Wasatch,TX
49053,Washington,TX
49055,Wayne,TX
49057,Weber,TX
50001,Addison,TX
50003,Bennington,TX
50005,Caledonia,TX
50007,Chittenden,TX
50009,Essex,TX
50011,Franklin,TX
50013,Grand,TX
50015,Lamoille,TX
50017,Orange,TX
50019,Orleans,TX
50021,Rutland,TX
50023,Washington,TX
50025,Windham,TX
50027,Windsor,NA
51001,Accomack,UT
51003,Albemarle,UT
51005,Alleghany,UT
51007,Amelia,UT
51009,Amherst,UT
51011,Appomattox,UT
51013,Arlington,UT
51015,Augusta,UT
51017,Bath,UT
51019,Bedford,UT
51021,Bland,UT
51023,Botetourt,UT
51025,Brunswick,UT
51027,Buchanan,UT
51029,Buckingham,UT
51031,Campbell,UT
51033,Caroline,UT
51035,Carroll,UT
51036,Charles,UT
51037,Charlotte,UT
51041,Chesterfield,UT
51043,Clarke,UT
51045,Craig,UT
51047,Culpeper,UT
51049,Cumberland,UT
51051,Dickenson,UT
51053,Dinwiddie,UT
51057,Essex,UT
51059,Fairfax,UT
51061,Fauquier,NA
51063,Floyd,VT
51065,Fluvanna,VT
51067,Franklin,VT
51069,Frederick,VT
51071,Giles,VT
51073,Gloucester,VT
51075,Goochland,VT
51077,Grayson,VT
51079,Greene,VT
51081,Greensville,VT
51083,Halifax,VT
51085,Hanover,VT
51087,Henrico,VT
51089,Henry,VT
51091,Highland,NA
51093,Isle,VA
51095,James,VA
51097,King,VA
51099,King,VA
51101,King,VA
51103,Lancaster,VA
51105,Lee,VA
51107,Loudoun,VA
51109,Louisa,VA
51111,Lunenburg,VA
51113,Madison,VA
51115,Mathews,VA
51117,Mecklenburg,VA
51119,Middlesex,VA
51121,Montgomery,VA
51125,Nelson,VA
51127,New,VA
51131,Northampton,VA
51133,Northumberland,VA
51135,Nottoway,VA
51137,Orange,VA
51139,Page,VA
51141,Patrick,VA
51143,Pittsylvania,VA
51145,Powhatan,VA
51147,Prince,VA
51149,Prince,VA
51153,Prince,VA
51155,Pulaski,VA
51157,Rappahannock,VA
51159,Richmond,VA
51161,Roanoke,VA
51163,Rockbridge,VA
51165,Rockingham,VA
51167,Russell,VA
51169,Scott,VA
51171,Shenandoah,VA
51173,Smyth,VA
51175,Southampton,VA
51177,Spotsylvania,VA
51179,Stafford,VA
51181,Surry,VA
51183,Sussex,VA
51185,Tazewell,VA
51187,Warren,VA
51191,Washington,VA
51193,Westmoreland,VA
51195,Wise,VA
51197,Wythe,VA
51199,York,VA
51510,Alexandria,VA
51515,Bedford,VA
51520,Bristol,VA
51530,Buena,VA
51540,Charlottesville,VA
51550,Chesapeake,VA
51570,Colonial,VA
51580,Covington,VA
51590,Danville,VA
51595,Emporia,VA
51600,Fairfax,VA
51610,Falls,VA
51620,Franklin,VA
51630,Fredericksburg,VA
51640,Galax,VA
51650,Hampton,VA
51660,Harrisonburg,VA
51670,Hopewell,VA
51678,Lexington,VA
51680,Lynchburg,VA
51683,Manassas,VA
51685,Manassas,VA
51690,Martinsville,VA
51700,Newport,VA
51710,Norfolk,VA
51720,Norton,VA
51730,Petersburg,VA
51735,Poquoson,VA
51740,Portsmouth,VA
51750,Radford,VA
51760,Richmond,VA
51770,Roanoke,VA
51775,Salem,VA
51790,Staunton,VA
51800,Suffolk,VA
51810,Virginia,VA
51820,Waynesboro,VA
51830,Williamsburg,VA
51840,Winchester,VA
53001,Adams,VA
53003,Asotin,VA
53005,Benton,VA
53007,Chelan,VA
53009,Clallam,VA
53011,Clark,VA
53013,Columbia,VA
53015,Cowlitz,VA
53017,Douglas,VA
53019,Ferry,VA
53021,Franklin,VA
53023,Garfield,VA
53025,Grant,VA
53027,Grays,VA
53029,Island,VA
53031,Jefferson,VA
53033,King,VA
53035,Kitsap,VA
53037,Kittitas,VA
53039,Klickitat,VA
53041,Lewis,VA
53043,Lincoln,VA
53045,Mason,VA
53047,Okanogan,VA
53049,Pacific,VA
53051,Pend,VA
53053,Pierce,VA
53055,San,VA
53057,Skagit,VA
53059,Skamania,VA
53061,Snohomish,VA
53063,Spokane,VA
53065,Stevens,VA
53067,Thurston,VA
53069,Wahkiakum,VA
53071,Walla,VA
53073,Whatcom,VA
53075,Whitman,VA
53077,Yakima,VA
54001,Barbour,VA
54003,Berkeley,VA
54005,Boone,VA
54007,Braxton,VA
54009,Brooke,VA
54011,Cabell,VA
54013,Calhoun,NA
54015,Clay,WA
54017,Doddridge,WA
54019,Fayette,WA
54021,Gilmer,WA
54023,Grant,WA
54025,Greenbrier,WA
54027,Hampshire,WA
54029,Hancock,WA
54031,Hardy,WA
54033,Harrison,WA
54035,Jackson,WA
54037,Jefferson,WA
54039,Kanawha,WA
54041,Lewis,WA
54043,Lincoln,WA
54045,Logan,WA
54047,McDowell,WA
54049,Marion,WA
54051,Marshall,WA
54053,Mason,WA
54055,Mercer,WA
54057,Mineral,WA
54059,Mingo,WA
54061,Monongalia,WA
54063,Monroe,WA
54065,Morgan,WA
54067,Nicholas,WA
54069,Ohio,WA
54071,Pendleton,WA
54073,Pleasants,WA
54075,Pocahontas,WA
54077,Preston,WA
54079,Putnam,WA
54081,Raleigh,WA
54083,Randolph,WA
54085,Ritchie,WA
54087,Roane,WA
54089,Summers,WA
54091,Taylor,WA
54093,Tucker,NA
54095,Tyler,WV
54097,Upshur,WV
54099,Wayne,WV
54101,Webster,WV
54103,Wetzel,WV
54105,Wirt,WV
54107,Wood,WV
54109,Wyoming,WV
55001,Adams,WV
55003,Ashland,WV
55005,Barron,WV
55007,Bayfield,WV
55009,Brown,WV
55011,Buffalo,WV
55013,Burnett,WV
55015,Calumet,WV
55017,Chippewa,WV
55019,Clark,WV
55021,Columbia,WV
55023,Crawford,WV
55025,Dane,WV
55027,Dodge,WV
55029,Door,WV
55031,Douglas,WV
55033,Dunn,WV
55035,Eau,WV
55037,Florence,WV
55039,Fond,WV
55041,Forest,WV
55043,Grant,WV
55045,Green,WV
55047,Green,WV
55049,Iowa,WV
55051,Iron,WV
55053,Jackson,WV
55055,Jefferson,WV
55057,Juneau,WV
55059,Kenosha,WV
55061,Kewaunee,WV
55063,La,WV
55065,Lafayette,WV
55067,Langlade,WV
55069,Lincoln,WV
55071,Manitowoc,WV
55073,Marathon,WV
55075,Marinette,WV
55077,Marquette,WV
55078,Menominee,WV
55079,Milwaukee,WV
55081,Monroe,WV
55083,Oconto,WV
55085,Oneida,WV
55087,Outagamie,WV
55089,Ozaukee,WV
55091,Pepin,WV
55093,Pierce,NA
55095,Polk,WI
55097,Portage,WI
55099,Price,WI
55101,Racine,WI
55103,Richland,WI
55105,Rock,WI
55107,Rusk,WI
55109,St.,WI
55111,Sauk,WI
55113,Sawyer,WI
55115,Shawano,WI
55117,Sheboygan,WI
55119,Taylor,WI
55121,Trempealeau,WI
55123,Vernon,WI
55125,Vilas,WI
55127,Walworth,WI
55129,Washburn,WI
55131,Washington,WI
55133,Waukesha,WI
55135,Waupaca,WI
55137,Waushara,WI
55139,Winnebago,WI
55141,Wood,WI
56001,Albany,WI
56003,Big,WI
56005,Campbell,WI
56007,Carbon,WI
56009,Converse,WI
56011,Crook,WI
56013,Fremont,WI
56015,Goshen,WI
56017,Hot,WI
56019,Johnson,WI
56021,Laramie,WI
56023,Lincoln,WI
56025,Natrona,WI
56027,Niobrara,WI
56029,Park,WI
56031,Platte,WI
56033,Sheridan,WI
56035,Sublette,WI
56037,Sweetwater,WI
56039,Teton,WI
56041,Uinta,WI
56043,Washakie,WI
56045,Weston,WI
,,WI
,,WI
,,WI
,,WI
,,WI
,,WI
,,WI
,,WI
,,WI
,,WI
,,WI
,,WI
,,WI
,,WI
,,WI
,,WI
,,WI
,,WI
,,WI
,,WI
,,WI
,,WI
,,WI
,,WI
,,WI
,,NA
,,WY
,,WY
,,WY
,,WY
,,WY
,,WY
,,WY
,,WY
,,WY
,,WY
,,WY
,,WY
,,WY
,,WY
,,WY
,,WY
,,WY
,,WY
,,WY
,,WY
,,WY
,,WY
,,WY